<?xml version="1.0"?>
<doc>
    <assembly>
        <name>NationalInstruments.Controls.Booleans</name>
    </assembly>
    <members>
        <member name="T:NationalInstruments.Controls.Internal.AssemblyReferenceEnforcer">
            <summary>
            Ensures Visual Studio includes a reference to the Controls assembly,
            as Controls types are only referenced in xaml, not code.
            </summary>
        </member>
        <member name="T:NationalInstruments.Controls.Internal.BooleanButtonAutomationPeer">
            <summary>
            Provides UIAutomation support for <see cref="T:NationalInstruments.Controls.BooleanButton"/> controls.
            https://msdn.microsoft.com/en-us/library/cc165614(v=vs.110).aspx.
            </summary>
        </member>
        <member name="M:NationalInstruments.Controls.Internal.BooleanButtonAutomationPeer.#ctor(NationalInstruments.Controls.BooleanButton)">
            <summary>
            Initializes a new instance of the <see cref="T:NationalInstruments.Controls.Internal.BooleanButtonAutomationPeer"/> class.
            </summary>
            <param name="owner">The associated <see cref="T:NationalInstruments.Controls.BooleanButton"/> control instance.</param>
        </member>
        <member name="M:NationalInstruments.Controls.Internal.BooleanButtonAutomationPeer.GetAutomationControlTypeCore">
            <inheritdoc/>
        </member>
        <member name="M:NationalInstruments.Controls.Internal.BooleanButtonAutomationPeer.GetPattern(System.Windows.Automation.Peers.PatternInterface)">
            <inheritdoc/>
        </member>
        <member name="P:NationalInstruments.Controls.Internal.BooleanButtonAutomationPeer.ToggleState">
            <inheritdoc/>
        </member>
        <member name="M:NationalInstruments.Controls.Internal.BooleanButtonAutomationPeer.Toggle">
            <inheritdoc/>
        </member>
        <member name="M:NationalInstruments.Controls.Internal.BooleanButtonAutomationPeer.Invoke">
            <inheritdoc/>
        </member>
        <member name="T:NationalInstruments.Controls.Internal.ButtonInteractor">
            <summary>Acts as the interactor for Boolean buttons.</summary>
        </member>
        <member name="M:NationalInstruments.Controls.Internal.ButtonInteractor.#ctor(NationalInstruments.Controls.Internal.IButtonInteractorTarget)">
            <exclude/>
            <summary>Initializes a new instance of the <see cref="T:NationalInstruments.Controls.Internal.ButtonInteractor" /> for the specified target.</summary>
        </member>
        <member name="M:NationalInstruments.Controls.Internal.ButtonInteractor.HandleMouseLeftButtonDown">
            <exclude/>
            <summary>Handles the mouse left button down event for the Boolean control.</summary>
        </member>
        <member name="M:NationalInstruments.Controls.Internal.ButtonInteractor.HandleMouseLeftButtonUp(System.Boolean)">
            <exclude/>
            <summary>Handles the mouse left button up event for the Boolean control.</summary>
        </member>
        <member name="M:NationalInstruments.Controls.Internal.ButtonInteractor.HandleMouseEnter">
            <exclude/>
            <summary>Handles the mouse enter event for the Boolean control.</summary>
        </member>
        <member name="M:NationalInstruments.Controls.Internal.ButtonInteractor.HandleMouseLeave">
            <exclude/>
            <summary>Handles the mouse leave event for the Boolean control.</summary>
        </member>
        <member name="M:NationalInstruments.Controls.Internal.ButtonInteractor.HandleLostMouseCapture">
            <exclude/>
            <summary>Handles the mouse leaving the scope of the Boolean control.</summary>
        </member>
        <member name="M:NationalInstruments.Controls.Internal.ButtonInteractor.HandleValueChanged">
            <exclude/>
            <summary>Handles the visual state when the value changes on the Boolean control.</summary>
        </member>
        <member name="M:NationalInstruments.Controls.Internal.ButtonInteractor.HandleIsPressedChanged">
            <exclude/>
            <summary>Handles the pressed state changing on the Boolean control.</summary>
        </member>
        <member name="M:NationalInstruments.Controls.Internal.ButtonInteractor.HandleKeyDown(System.Windows.Input.Key)">
            <exclude/>
            <summary>Handles the key down event for the Boolean control.</summary>
        </member>
        <member name="M:NationalInstruments.Controls.Internal.ButtonInteractor.HandleKeyUp(System.Windows.Input.Key)">
            <exclude/>
            <summary>Handles the key up event for the Boolean control.</summary>
        </member>
        <member name="M:NationalInstruments.Controls.Internal.ButtonInteractor.QueryCursor(System.Object,System.Windows.Input.Cursor@)">
            <exclude/>
            <summary>Determines what the current mouse cursor should be for the control.</summary>
        </member>
        <member name="M:NationalInstruments.Controls.Internal.ButtonInteractor.HandleIsPressedChanged(System.Boolean)">
            <exclude>[INTERNAL FOR TESTING]</exclude>
        </member>
        <member name="T:NationalInstruments.Controls.Internal.IButtonInteractorTarget">
            <exclude/>
            <summary>Interface used by <see cref="T:NationalInstruments.Controls.Internal.ButtonInteractor"/> to interact with <see cref="T:NationalInstruments.Controls.BooleanButton"/>.</summary>
        </member>
        <member name="P:NationalInstruments.Controls.Internal.IButtonInteractorTarget.Value">
            <exclude/><summary>Gets or sets the value of the target control.</summary>
        </member>
        <member name="P:NationalInstruments.Controls.Internal.IButtonInteractorTarget.IsPressed">
            <exclude/><summary>Gets or sets whether the target control is pressed.</summary>
        </member>
        <member name="P:NationalInstruments.Controls.Internal.IButtonInteractorTarget.IsMouseCaptured">
            <exclude/><summary>Gets whether the mouse has been captured.</summary>
        </member>
        <member name="P:NationalInstruments.Controls.Internal.IButtonInteractorTarget.IsReadOnly">
            <exclude/><summary>Gets whether the target control is readonly.</summary>
        </member>
        <member name="P:NationalInstruments.Controls.Internal.IButtonInteractorTarget.IsMomentary">
            <exclude/><summary>Gets whether the target control is momentary.</summary>
        </member>
        <member name="P:NationalInstruments.Controls.Internal.IButtonInteractorTarget.ClickMode">
            <exclude/><summary>Gets the click mode of the target control.</summary>
        </member>
        <member name="M:NationalInstruments.Controls.Internal.IButtonInteractorTarget.CaptureMouse">
            <exclude/><summary>Attempts to capture the mouse.</summary>
        </member>
        <member name="M:NationalInstruments.Controls.Internal.IButtonInteractorTarget.ReleaseMouseCapture">
            <exclude/><summary>Releases mouse capture.</summary>
        </member>
        <member name="M:NationalInstruments.Controls.Internal.IButtonInteractorTarget.ToggleValue">
            <exclude/><summary>Toggles the value of the target control.</summary>
        </member>
        <member name="M:NationalInstruments.Controls.Internal.IButtonInteractorTarget.SetRenderPressed(System.Boolean)">
            <exclude/><summary>Updates the render state of the target control.</summary>
        </member>
        <member name="T:NationalInstruments.Controls.ArrowButton">
            <summary>
            Represents a Measurement Studio Windows Presentation Foundation (WPF) button control that displays Boolean data and is in the shape of an arrow.
            </summary>
            <remarks>
            You can use <see cref="T:NationalInstruments.Controls.ArrowDirection"/>
             to set the direction of the <see cref="T:NationalInstruments.Controls.ArrowButton"/>
             to <see cref="F:NationalInstruments.Controls.ArrowDirection.Up"/>,
            <see cref="F:NationalInstruments.Controls.ArrowDirection.Down"/>,
            <see cref="F:NationalInstruments.Controls.ArrowDirection.Left"/>, or
            <see cref="F:NationalInstruments.Controls.ArrowDirection.Right"/>.
            You can set the color of the <see cref="T:NationalInstruments.Controls.ArrowButton"/>
             to change depending on the state of the <see cref="T:NationalInstruments.Controls.ArrowButton"/>
             by using <see cref="P:NationalInstruments.Controls.BooleanButton.Value"/> and
            <see cref="P:System.Windows.Controls.Control.Background"/> to set a different color when the <see cref="P:NationalInstruments.Controls.BooleanButton.Value"/>
             is <see langword="true"/> or <see langword="false"/>.
            Use <see cref="P:System.Windows.Controls.Primitives.ButtonBase.ClickMode"/> to set the
            <see cref="T:NationalInstruments.Controls.ArrowButton"/>
            to respond to three different types of click events:
            <see cref="F:System.Windows.Controls.ClickMode.Hover"/>,
            <see cref="F:System.Windows.Controls.ClickMode.Press"/>, and
            <see cref="F:System.Windows.Controls.ClickMode.Release"/>.
            <para>
            To configure the <see cref="T:NationalInstruments.Controls.ArrowButton"/>
             for different mechanical actions, use the following settings:
            <list type="bullet">
            <item>
            <description>
            To configure the <see cref="T:NationalInstruments.Controls.ArrowButton"/> to switch states when pressed, set <see cref="T:System.Windows.Controls.ClickMode"/>
             to <see cref="F:System.Windows.Controls.ClickMode.Press"/> and <see cref="P:NationalInstruments.Controls.BooleanButton.IsMomentary"/> to <see langword="false"/>.
            </description>
            </item>
            <item>
            <description>
            To configure the <see cref="T:NationalInstruments.Controls.ArrowButton"/> to switch states when released, set <see cref="P:System.Windows.Controls.Primitives.ButtonBase.ClickMode"/>
             to <see cref="F:System.Windows.Controls.ClickMode.Release"/>
             and <see cref="P:NationalInstruments.Controls.BooleanButton.IsMomentary"/> to <see langword="false"/>.
            </description>
            </item>
            <item>
            <description>
            To configure the <see cref="T:NationalInstruments.Controls.ArrowButton"/> to switch states until released, set <see cref="P:System.Windows.Controls.Primitives.ButtonBase.ClickMode"/>
             to N/A and <see cref="P:NationalInstruments.Controls.BooleanButton.IsMomentary"/> to <see langword="true"/>.
            </description>
            </item>
            </list>
            </para>
            </remarks>
            <threadsafety safety="unsafe"/>
        </member>
        <member name="M:NationalInstruments.Controls.ArrowButton.OnDirectionChanged">
            <summary>
            Called when <see cref="P:NationalInstruments.Controls.ArrowButton.Direction"/> changes.
            </summary>
        </member>
        <member name="F:NationalInstruments.Controls.ArrowButton.DirectionProperty">
            <summary>
            Identifies the <see cref='P:NationalInstruments.Controls.ArrowButton.Direction'/> dependency property.
            </summary>
            <returns>
            The identifier for the <see cref='P:NationalInstruments.Controls.ArrowButton.Direction'/> dependency property.
            </returns>
        </member>
        <member name="M:NationalInstruments.Controls.ArrowButton.OnApplyTemplate">
            <inheritdoc cref='M:System.Windows.FrameworkElement.OnApplyTemplate'/>
        </member>
        <member name="P:NationalInstruments.Controls.ArrowButton.Direction">
            <summary>Gets or sets the direction that the arrow button is pointing: up, down, left, or right.</summary><value>The default value is <see cref="F:NationalInstruments.Controls.ArrowDirection.Up" />.</value>
        </member>
        <member name="P:NationalInstruments.Controls.ArrowButton.ContentGrid">
            <summary>
            Gets the grid around the content.
            </summary>
        </member>
        <member name="P:NationalInstruments.Controls.ArrowButton.UpButtonFace">
            <summary>
            Gets the grid around the face for the up direction.
            </summary>
        </member>
        <member name="P:NationalInstruments.Controls.ArrowButton.DownButtonFace">
            <summary>
            Gets the grid around the face for the down direction.
            </summary>
        </member>
        <member name="P:NationalInstruments.Controls.ArrowButton.LeftButtonFace">
            <summary>
            Gets the grid around the face for the left direction.
            </summary>
        </member>
        <member name="P:NationalInstruments.Controls.ArrowButton.RightButtonFace">
            <summary>
            Gets the grid around the face for the right direction.
            </summary>
        </member>
        <member name="T:NationalInstruments.Controls.ArrowDirection">
            <summary>Determines the direction of the arrow for an <see cref="T:NationalInstruments.Controls.ArrowButton"/>.</summary>
        </member>
        <member name="F:NationalInstruments.Controls.ArrowDirection.Up">
            <summary>Indicates an upward-pointing arrow.</summary>
        </member>
        <member name="F:NationalInstruments.Controls.ArrowDirection.Down">
            <summary>Indicates a downward-pointing arrow.</summary>
        </member>
        <member name="F:NationalInstruments.Controls.ArrowDirection.Right">
            <summary>Indicates a right-pointing arrow.</summary>
        </member>
        <member name="F:NationalInstruments.Controls.ArrowDirection.Left">
            <summary>Indicates a left-pointing arrow.</summary>
        </member>
        <member name="T:NationalInstruments.Controls.BooleanButton">
            <summary>
            Represents a Measurement Studio Windows Presentation Foundation (WPF) button control that displays Boolean data.
            </summary>
            <remarks>
            You can set the color of the <see cref="T:NationalInstruments.Controls.BooleanButton"/>
             to change depending on the state of the <see cref="T:NationalInstruments.Controls.BooleanButton"/>
             by using <see cref="P:NationalInstruments.Controls.BooleanButton.Value"/> and
            <see cref="P:System.Windows.Controls.Control.Background"/> to set a different color when the <see cref="P:NationalInstruments.Controls.BooleanButton.Value"/>
             is <see langword="true"/> or <see langword="false"/>.
            Use <see cref="P:System.Windows.Controls.Primitives.ButtonBase.ClickMode"/> to set the
            <see cref="T:NationalInstruments.Controls.BooleanButton"/>
            to respond to three different types of click events:
            <see cref="F:System.Windows.Controls.ClickMode.Hover"/>,
            <see cref="F:System.Windows.Controls.ClickMode.Press"/>, and
            <see cref="F:System.Windows.Controls.ClickMode.Release"/>.
            <para>
            To configure the <see cref="T:NationalInstruments.Controls.BooleanButton"/>
             for different mechanical actions, use the following settings:
            <list type="bullet">
            <item>
            <description>
            To configure the <see cref="T:NationalInstruments.Controls.BooleanButton"/> to switch states when pressed, set <see cref="T:System.Windows.Controls.ClickMode"/>
             to <see cref="F:System.Windows.Controls.ClickMode.Press"/> and <see cref="P:NationalInstruments.Controls.BooleanButton.IsMomentary"/> to <see langword="false"/>.
            </description>
            </item>
            <item>
            <description>
            To configure the <see cref="T:NationalInstruments.Controls.BooleanButton"/> to switch states when released, set <see cref="P:System.Windows.Controls.Primitives.ButtonBase.ClickMode"/>
             to <see cref="F:System.Windows.Controls.ClickMode.Release"/>
             and <see cref="P:NationalInstruments.Controls.BooleanButton.IsMomentary"/> to <see langword="false"/>.
            </description>
            </item>
            <item>
            <description>
            To configure the <see cref="T:NationalInstruments.Controls.BooleanButton"/> to switch states until pressed, set <see cref="P:System.Windows.Controls.Primitives.ButtonBase.ClickMode"/>
             to N/A and <see cref="P:NationalInstruments.Controls.BooleanButton.IsMomentary"/> to <see langword="true"/>.
            </description>
            </item>
            </list>
            </para>
            </remarks>
            <content>[partial class - CAR #397339]</content>
        </member>
        <member name="M:NationalInstruments.Controls.BooleanButton.ToggleValue">
            <summary>
            Toggles the value of a Boolean control.
            </summary>
        </member>
        <member name="M:NationalInstruments.Controls.BooleanButton.OnValueChanged(System.Boolean,System.Boolean)">
            <summary>
            Raises the <see cref="E:NationalInstruments.Controls.BooleanButton.ValueChanged"/> event.
            </summary>
            <param name="oldValue">The old value.</param>
            <param name="newValue">The new value.</param>
        </member>
        <member name="F:NationalInstruments.Controls.BooleanButton.RenderPressedProperty">
            <summary>
            Identifies the <see cref='P:NationalInstruments.Controls.BooleanButton.RenderPressed'/> dependency property.
            </summary>
            <returns>
            The identifier for the <see cref='P:NationalInstruments.Controls.BooleanButton.RenderPressed'/> dependency property.
            </returns>
        </member>
        <member name="F:NationalInstruments.Controls.BooleanButton.ValueProperty">
            <summary>
            Identifies the <see cref='P:NationalInstruments.Controls.BooleanButton.Value'/> dependency property.
            </summary>
            <returns>
            The identifier for the <see cref='P:NationalInstruments.Controls.BooleanButton.Value'/> dependency property.
            </returns>
        </member>
        <member name="F:NationalInstruments.Controls.BooleanButton.IsMomentaryProperty">
            <summary>
            Identifies the <see cref='P:NationalInstruments.Controls.BooleanButton.IsMomentary'/> dependency property.
            </summary>
            <returns>
            The identifier for the <see cref='P:NationalInstruments.Controls.BooleanButton.IsMomentary'/> dependency property.
            </returns>
        </member>
        <member name="F:NationalInstruments.Controls.BooleanButton.IsReadOnlyProperty">
            <summary>
            Identifies the <see cref='P:NationalInstruments.Controls.BooleanButton.IsReadOnly'/> dependency property.
            </summary>
            <returns>
            The identifier for the <see cref='P:NationalInstruments.Controls.BooleanButton.IsReadOnly'/> dependency property.
            </returns>
        </member>
        <member name="F:NationalInstruments.Controls.BooleanButton.ContentVisibilityProperty">
            <summary>
            Identifies the <see cref='P:NationalInstruments.Controls.BooleanButton.ContentVisibility'/> dependency property.
            </summary>
            <returns>
            The identifier for the <see cref='P:NationalInstruments.Controls.BooleanButton.ContentVisibility'/> dependency property.
            </returns>
        </member>
        <member name="M:NationalInstruments.Controls.BooleanButton.OnApplyTemplate">
            <inheritdoc cref='M:System.Windows.FrameworkElement.OnApplyTemplate'/>
        </member>
        <member name="P:NationalInstruments.Controls.BooleanButton.RenderPressed">
            <summary>Gets or sets whether the control should render the 'pressed' state visuals.</summary><value>A Boolean value representing whether the control should render the 'pressed' state visuals.</value>
        </member>
        <member name="P:NationalInstruments.Controls.BooleanButton.Value">
            <summary>Gets or sets the value of the button.</summary><value> The default value is <see langword="false" />.</value>
        </member>
        <member name="P:NationalInstruments.Controls.BooleanButton.IsMomentary">
            <summary>Gets or sets whether <see cref="P:NationalInstruments.Controls.BooleanButton.Value" /> changes only while the button is pressed.</summary><value>
      The default value is <see langword="true" />, but derived controls may redefine this.
      For example, <see cref="T:NationalInstruments.Controls.PowerButton" /> and <see cref="T:NationalInstruments.Controls.Switch" /> have a default <see cref="P:NationalInstruments.Controls.BooleanButton.IsMomentary" /> of <see langword="false" />.
    </value>
        </member>
        <member name="P:NationalInstruments.Controls.BooleanButton.IsReadOnly">
            <summary>Gets or sets whether <see cref="P:NationalInstruments.Controls.BooleanButton.Value" /> can be changed at run time.</summary><value>
      The default value is <see langword="false" />, but derived controls may redefine this.
      For example, a <see cref="T:NationalInstruments.Controls.LED" /> has a default <see cref="P:NationalInstruments.Controls.BooleanButton.IsReadOnly" /> of <see langword="true" />.
    </value>
        </member>
        <member name="P:NationalInstruments.Controls.BooleanButton.ContentVisibility">
            <summary>Gets or sets the visibility of <see cref="P:System.Windows.Controls.ContentControl.Content" />.</summary><value>
      The default value is <see cref="F:System.Windows.Visibility.Visible" />, but derived controls may redefine this.
      For example, a <see cref="T:NationalInstruments.Controls.LED" /> has a default <see cref="P:NationalInstruments.Controls.BooleanButton.ContentVisibility" /> of <see cref="F:System.Windows.Visibility.Collapsed" />.
    </value>
        </member>
        <member name="M:NationalInstruments.Controls.BooleanButton.#ctor">
            <summary>
            Initializes a new instance of the <see cref="T:NationalInstruments.Controls.BooleanButton"/> class.
            </summary>
        </member>
        <member name="M:NationalInstruments.Controls.BooleanButton.OnIsPressedChanged(System.Windows.DependencyPropertyChangedEventArgs)">
            <inheritdoc/>
        </member>
        <member name="M:NationalInstruments.Controls.BooleanButton.OnMouseLeftButtonDown(System.Windows.Input.MouseButtonEventArgs)">
            <inheritdoc/>
        </member>
        <member name="M:NationalInstruments.Controls.BooleanButton.OnMouseLeftButtonUp(System.Windows.Input.MouseButtonEventArgs)">
            <inheritdoc/>
        </member>
        <member name="M:NationalInstruments.Controls.BooleanButton.OnMouseEnter(System.Windows.Input.MouseEventArgs)">
            <inheritdoc/>
        </member>
        <member name="M:NationalInstruments.Controls.BooleanButton.OnMouseLeave(System.Windows.Input.MouseEventArgs)">
            <inheritdoc/>
        </member>
        <member name="M:NationalInstruments.Controls.BooleanButton.OnLostMouseCapture(System.Windows.Input.MouseEventArgs)">
            <inheritdoc/>
        </member>
        <member name="M:NationalInstruments.Controls.BooleanButton.OnKeyUp(System.Windows.Input.KeyEventArgs)">
            <summary>
            Raises the key up event when a key is pressed while the control has focus.
            </summary>
            <param name="e">
            A <see cref="T:System.Windows.Input.KeyEventArgs"/> that contains the event data.
            </param>
        </member>
        <member name="M:NationalInstruments.Controls.BooleanButton.OnKeyDown(System.Windows.Input.KeyEventArgs)">
            <summary>
            Raises the key down event when a key is pressed while the control has focus.
            </summary>
            <param name="e">
            A <see cref="T:System.Windows.Input.KeyEventArgs"/> that contains the event data.
            </param>
        </member>
        <member name="M:NationalInstruments.Controls.BooleanButton.OnCreateAutomationPeer">
            <inheritdoc/>
        </member>
        <member name="M:NationalInstruments.Controls.BooleanButton.AutomationClick">
            <summary>
            This method is called when button is clicked via IInvokeProvider.
            </summary>
        </member>
        <member name="F:NationalInstruments.Controls.BooleanButton.ValueChangingEvent">
            <summary>
            Identifies the <see cref="E:NationalInstruments.Controls.BooleanButton.ValueChanging"/> routed event.
            </summary>
            <value>
            The identifier for the <see cref="E:NationalInstruments.Controls.BooleanButton.ValueChanging"/> routed event.
            </value>
        </member>
        <member name="E:NationalInstruments.Controls.BooleanButton.ValueChanging">
            <summary>
            Occurs before the <see cref="P:NationalInstruments.Controls.BooleanButton.Value"/>
            property is interactively changed.
            </summary>
            <remarks>
            This is a tunneling routed event.  You can use this event to cancel a toggle operation caused by user interaction.
            Mark the event as handled in the event handler to cancel the operation.
            </remarks>
        </member>
        <member name="M:NationalInstruments.Controls.BooleanButton.OnValueChanging(System.Windows.RoutedPropertyChangedEventArgs{System.Boolean})">
            <summary>
            Raises the <see cref="E:NationalInstruments.Controls.BooleanButton.ValueChanging"/> event.
            </summary>
            <param name="e">A <see cref="T:System.Windows.RoutedPropertyChangedEventArgs`1"/> that contains the event data and also identifies the event to raise.</param>
        </member>
        <member name="F:NationalInstruments.Controls.BooleanButton.ValueChangedEvent">
            <summary>
            Identifies the <see cref="E:NationalInstruments.Controls.BooleanButton.ValueChanged"/> routed event.
            </summary>
            <value>The identifier for the <see cref="E:NationalInstruments.Controls.BooleanButton.ValueChanged"/> routed event.</value>
        </member>
        <member name="E:NationalInstruments.Controls.BooleanButton.ValueChanged">
            <summary>
            Occurs when <see cref="P:NationalInstruments.Controls.BooleanButton.Value"/> changes
            from <see langword="false"/> to <see langword="true"/> or vice versa.
            </summary>
        </member>
        <member name="M:NationalInstruments.Controls.BooleanButton.NationalInstruments#Controls#Internal#IButtonInteractorTarget#SetRenderPressed(System.Boolean)">
            <exclude/>
        </member>
        <member name="P:NationalInstruments.Controls.BooleanButton.NationalInstruments#Controls#Internal#IButtonInteractorTarget#IsPressed">
            <exclude/>
        </member>
        <member name="M:NationalInstruments.Controls.BooleanButton.OnQueryCursor(System.Windows.Input.QueryCursorEventArgs)">
            <inheritdoc/>
        </member>
        <member name="T:NationalInstruments.Controls.BooleanContentButton">
            <summary>
            Represents a Measurement Studio Windows Presentation Foundation (WPF) button control that supports different content for the
            <see langword="true"/> and <see langword="false"/> states.
            </summary>
            <remarks>
            This class is commonly used to change the color of the button when the button changes
            from true to false or vice versa, using the <see cref="P:NationalInstruments.Controls.BooleanContentButton.TrueBrush"/> and <see cref="P:NationalInstruments.Controls.BooleanContentButton.FalseBrush"/> properties.
            However, you can also use the <see cref="T:NationalInstruments.Controls.BooleanContentButton"/>
             to display text or images that are different depending on whether the <see cref="T:NationalInstruments.Controls.BooleanContentButton"/>
            is in a true or false state using the <see cref="P:NationalInstruments.Controls.BooleanContentButton.TrueContent"/> and <see cref="P:NationalInstruments.Controls.BooleanContentButton.FalseContent"/> properties.
            To display an image, set one of these content properties to be an <see cref="T:System.Windows.Controls.Image"/> control. To display text, use a <see cref="T:System.String"/>.
            To display formatted text, use a <see cref="T:System.Windows.Controls.TextBlock"/> control.
            <para>
            Alternatively, you can set the color of the <see cref="T:NationalInstruments.Controls.BooleanContentButton"/>
             to change depending on the state of the <see cref="T:NationalInstruments.Controls.BooleanContentButton"/>
             by using <see cref="P:NationalInstruments.Controls.BooleanButton.Value"/> and
            <see cref="P:System.Windows.Controls.Control.Background"/> by setting a different color when the <see cref="P:NationalInstruments.Controls.BooleanButton.Value"/>
             is <see langword="true"/> or <see langword="false"/>.
            Use <see cref="P:System.Windows.Controls.Primitives.ButtonBase.ClickMode"/> to set the
            <see cref="T:NationalInstruments.Controls.BooleanContentButton"/>
            to respond to three different types of click events:
            <see cref="F:System.Windows.Controls.ClickMode.Hover"/>,
            <see cref="F:System.Windows.Controls.ClickMode.Press"/>, and
            <see cref="F:System.Windows.Controls.ClickMode.Release"/>.
            </para>
            <para>
            To configure the <see cref="T:NationalInstruments.Controls.BooleanContentButton"/>
             for different mechanical actions, use the following settings:
            <list type="bullet">
            <item>
            <description>
            To configure the <see cref="T:NationalInstruments.Controls.BooleanContentButton"/> to switch states when pressed, set <see cref="T:System.Windows.Controls.ClickMode"/>
             to <see cref="F:System.Windows.Controls.ClickMode.Press"/> and <see cref="P:NationalInstruments.Controls.BooleanButton.IsMomentary"/> to <see langword="false"/>.
            </description>
            </item>
            <item>
            <description>
            To configure the <see cref="T:NationalInstruments.Controls.BooleanContentButton"/> to switch states when released, set <see cref="P:System.Windows.Controls.Primitives.ButtonBase.ClickMode"/>
             to <see cref="F:System.Windows.Controls.ClickMode.Release"/>
             and <see cref="P:NationalInstruments.Controls.BooleanButton.IsMomentary"/> to <see langword="false"/>.
            </description>
            </item>
            <item>
            <description>
            To configure the <see cref="T:NationalInstruments.Controls.BooleanContentButton"/> to switch states until released, set <see cref="P:System.Windows.Controls.Primitives.ButtonBase.ClickMode"/>
             to N/A and <see cref="P:NationalInstruments.Controls.BooleanButton.IsMomentary"/> to <see langword="true"/>.
            </description>
            </item>
            </list>
            </para>
            </remarks>
            <threadsafety safety="unsafe"/>
        </member>
        <member name="F:NationalInstruments.Controls.BooleanContentButton.FalseContentProperty">
            <summary>
            Identifies the <see cref='P:NationalInstruments.Controls.BooleanContentButton.FalseContent'/> dependency property.
            </summary>
            <returns>
            The identifier for the <see cref='P:NationalInstruments.Controls.BooleanContentButton.FalseContent'/> dependency property.
            </returns>
        </member>
        <member name="F:NationalInstruments.Controls.BooleanContentButton.TrueContentProperty">
            <summary>
            Identifies the <see cref='P:NationalInstruments.Controls.BooleanContentButton.TrueContent'/> dependency property.
            </summary>
            <returns>
            The identifier for the <see cref='P:NationalInstruments.Controls.BooleanContentButton.TrueContent'/> dependency property.
            </returns>
        </member>
        <member name="F:NationalInstruments.Controls.BooleanContentButton.FalseBrushProperty">
            <summary>
            Identifies the <see cref='P:NationalInstruments.Controls.BooleanContentButton.FalseBrush'/> dependency property.
            </summary>
            <returns>
            The identifier for the <see cref='P:NationalInstruments.Controls.BooleanContentButton.FalseBrush'/> dependency property.
            </returns>
        </member>
        <member name="F:NationalInstruments.Controls.BooleanContentButton.TrueBrushProperty">
            <summary>
            Identifies the <see cref='P:NationalInstruments.Controls.BooleanContentButton.TrueBrush'/> dependency property.
            </summary>
            <returns>
            The identifier for the <see cref='P:NationalInstruments.Controls.BooleanContentButton.TrueBrush'/> dependency property.
            </returns>
        </member>
        <member name="P:NationalInstruments.Controls.BooleanContentButton.FalseContent">
            <summary>Gets or sets the content to display when <see cref="P:NationalInstruments.Controls.BooleanButton.Value" /> is <see langword="false" />.</summary><value> The default value is <see langword="null" />.</value>
        </member>
        <member name="P:NationalInstruments.Controls.BooleanContentButton.TrueContent">
            <summary>Gets or sets the content to display when <see cref="P:NationalInstruments.Controls.BooleanButton.Value" />  is <see langword="true" />.</summary><value> The default value is <see langword="null" />.</value>
        </member>
        <member name="P:NationalInstruments.Controls.BooleanContentButton.FalseBrush">
            <summary>
      Gets or sets the brush that is used to alter the color of the <see cref="T:NationalInstruments.Controls.BooleanContentButton" /> when
      <see cref="P:NationalInstruments.Controls.BooleanButton.Value" /> is <see langword="false" />.
    </summary><value>The default value is <see langword="null" />, but derived controls and styles may redefine this.</value><remarks>
      Deriving classes and styles will consume this property differently.
      For example, <see cref="P:NationalInstruments.Controls.BooleanContentButton.FalseBrush" /> will only change the color of text content on the <see cref="T:NationalInstruments.Controls.BooleanContentButton" />,
      but a <see cref="T:NationalInstruments.Controls.LED" /> with a SquareLED style has its entire color changed.
    </remarks>
        </member>
        <member name="P:NationalInstruments.Controls.BooleanContentButton.TrueBrush">
            <summary>Gets or sets the brush that is used to alter the color of the <see cref="T:NationalInstruments.Controls.BooleanContentButton" /> when <see cref="P:NationalInstruments.Controls.BooleanButton.Value" /> is <see langword="true" />.</summary><value>The default value is <see langword="null" />, but derived controls and styles may redefine this.</value><remarks>
      Deriving classes and styles  consume this property differently.
      For example, <see cref="P:NationalInstruments.Controls.BooleanContentButton.TrueBrush" /> only changes the color of text content on the <see cref="T:NationalInstruments.Controls.BooleanContentButton" />,
      but a <see cref="T:NationalInstruments.Controls.LED" /> with a SquareLED style has its entire color changed.
    </remarks>
        </member>
        <member name="T:NationalInstruments.Controls.LED">
            <summary>
            Represents a Measurement Studio Windows Presentation Foundation (WPF) button control in the shape of a light emitting diode.
            </summary>
            <remarks>
            Typically, you use an <see cref="T:NationalInstruments.Controls.LED"/> control to display Boolean data. You can use
            <see cref="T:System.Windows.Style"/>  to change the appearance of the <see cref="T:NationalInstruments.Controls.LED"/>.
            The <see cref="P:NationalInstruments.Controls.BooleanButton.Value"/> property of the
            <see cref="T:NationalInstruments.Controls.LED"/> indicates the current state of the control. You can change the value programmatically, by clicking the control,
            or by pressing the space bar when the control has focus.
            <para>
            To configure the <see cref="T:NationalInstruments.Controls.LED"/>
             for different mechanical actions, use the following settings:
            <list type="bullet">
            <item>
            <description>
            To configure the <see cref="T:NationalInstruments.Controls.LED"/> to switch states when pressed, set <see cref="P:System.Windows.Controls.Primitives.ButtonBase.ClickMode"/>
             to <see cref="F:System.Windows.Controls.ClickMode.Press"/> and <see cref="P:NationalInstruments.Controls.BooleanButton.IsMomentary"/> to <see langword="false"/>.
            </description>
            </item>
            <item>
            <description>
            To configure the <see cref="T:NationalInstruments.Controls.LED"/> to switch states when released, set <see cref="T:System.Windows.Controls.ClickMode"/>
             to <see cref="F:System.Windows.Controls.ClickMode.Release"/>
             and <see cref="P:NationalInstruments.Controls.BooleanButton.IsMomentary"/> to <see langword="false"/>.
            </description>
            </item>
            <item>
            <description>
            To configure the <see cref="T:NationalInstruments.Controls.LED"/> to switch states until released, set <see cref="T:System.Windows.Controls.ClickMode"/>
             to N/A and <see cref="P:NationalInstruments.Controls.BooleanButton.IsMomentary"/> to <see langword="true"/>.
            </description>
            </item>
            </list>
            </para>
            </remarks>
            <threadsafety safety="unsafe"/>
        </member>
        <member name="T:NationalInstruments.Controls.PowerButton">
            <summary>
            Represents a Measurement Studio Windows Presentation Foundation (WPF) Boolean control in the shape of a power button.
            </summary>
            <threadsafety safety="unsafe"/>
            <remarks>
            You can set the color of the <see cref="T:NationalInstruments.Controls.PowerButton"/>
             to change depending on the state of the <see cref="T:NationalInstruments.Controls.PowerButton"/>
             by using <see cref="P:NationalInstruments.Controls.BooleanButton.Value"/> and
            <see cref="P:System.Windows.Controls.Control.Background"/> to set a different color when the <see cref="P:NationalInstruments.Controls.BooleanButton.Value"/>
             is <see langword="true"/> or <see langword="false"/>.
            Use <see cref="P:System.Windows.Controls.Primitives.ButtonBase.ClickMode"/> to set the
            <see cref="T:NationalInstruments.Controls.PowerButton"/>
            to respond to three different types of click events:
            <see cref="F:System.Windows.Controls.ClickMode.Hover"/>,
            <see cref="F:System.Windows.Controls.ClickMode.Press"/>, and
            <see cref="F:System.Windows.Controls.ClickMode.Release"/>.
            <para>
            To configure the <see cref="T:NationalInstruments.Controls.PowerButton"/>
             for different mechanical actions, use the following settings:
            <list type="bullet">
            <item>
            <description>
            To configure the <see cref="T:NationalInstruments.Controls.PowerButton"/> to switch states when pressed, set <see cref="T:System.Windows.Controls.ClickMode"/>
             to <see cref="F:System.Windows.Controls.ClickMode.Press"/> and <see cref="P:NationalInstruments.Controls.BooleanButton.IsMomentary"/> to <see langword="false"/>.
            </description>
            </item>
            <item>
            <description>
            To configure the <see cref="T:NationalInstruments.Controls.PowerButton"/> to switch states when released, set <see cref="P:System.Windows.Controls.Primitives.ButtonBase.ClickMode"/>
             to <see cref="F:System.Windows.Controls.ClickMode.Release"/>
             and <see cref="P:NationalInstruments.Controls.BooleanButton.IsMomentary"/> to <see langword="false"/>.
            </description>
            </item>
            <item>
            <description>
            To configure the <see cref="T:NationalInstruments.Controls.PowerButton"/> to switch states until released, set <see cref="P:System.Windows.Controls.Primitives.ButtonBase.ClickMode"/>
             to N/A and <see cref="P:NationalInstruments.Controls.BooleanButton.IsMomentary"/> to <see langword="true"/>.
            </description>
            </item>
            </list>
            </para>
            </remarks>
        </member>
        <member name="T:NationalInstruments.Controls.Switch">
            <summary>
            Represents a Measurement Studio Windows Presentation Foundation (WPF) switch control to display and input Boolean states.
            </summary>
            <remarks>
            Typically, you use a <see cref="T:NationalInstruments.Controls.Switch"/> control to display Boolean data. You can use
            <see cref="T:System.Windows.Style"/> to change the appearance of the <see cref="T:NationalInstruments.Controls.Switch"/> .
            The <see cref="P:NationalInstruments.Controls.BooleanButton.Value"/> property of the <see cref="T:NationalInstruments.Controls.Switch"/>
              indicates the current state of the control. You can change the value programmatically, by clicking the control,
            or by pressing the space bar when the control has focus.
            <para>
            To configure the <see cref="T:NationalInstruments.Controls.Switch"/>
             for different mechanical actions, use the following settings:
            <list type="bullet">
            <item>
            <description>
            To configure the <see cref="T:NationalInstruments.Controls.Switch"/> to switch states when pressed, set <see cref="P:System.Windows.Controls.Primitives.ButtonBase.ClickMode"/>
             to <see cref="F:System.Windows.Controls.ClickMode.Press"/> and <see cref="P:NationalInstruments.Controls.BooleanButton.IsMomentary"/> to <see langword="false"/>.
            </description>
            </item>
            <item>
            <description>
            To configure the <see cref="T:NationalInstruments.Controls.Switch"/> to switch states when released, set <see cref="P:System.Windows.Controls.Primitives.ButtonBase.ClickMode"/>
             to <see cref="F:System.Windows.Controls.ClickMode.Release"/>
             and <see cref="P:NationalInstruments.Controls.BooleanButton.IsMomentary"/> to <see langword="false"/>.
            </description>
            </item>
            <item>
            <description>
            To configure the <see cref="T:NationalInstruments.Controls.Switch"/> to switch states until released, set <see cref="P:System.Windows.Controls.Primitives.ButtonBase.ClickMode"/>
             to N/A and <see cref="P:NationalInstruments.Controls.BooleanButton.IsMomentary"/> to <see langword="true"/>.
            </description>
            </item>
            </list>
            </para>
            </remarks>
            <threadsafety safety="unsafe"/>
        </member>
        <member name="F:NationalInstruments.Controls.Switch.OrientationProperty">
            <summary>
            Identifies the <see cref='P:NationalInstruments.Controls.Switch.Orientation'/> dependency property.
            </summary>
            <returns>
            The identifier for the <see cref='P:NationalInstruments.Controls.Switch.Orientation'/> dependency property.
            </returns>
        </member>
        <member name="M:NationalInstruments.Controls.Switch.OnApplyTemplate">
            <inheritdoc cref='M:System.Windows.FrameworkElement.OnApplyTemplate'/>
        </member>
        <member name="P:NationalInstruments.Controls.Switch.Orientation">
            <summary>Gets or sets the vertical or horizontal orientation of the switch.</summary><value>The default value is <see cref="F:System.Windows.Controls.Orientation.Horizontal" />.</value>
        </member>
        <member name="T:NationalInstruments.Restricted.Controls.Resources.LocalizedStrings">
            <summary>
              A strongly-typed resource class, for looking up localized strings, etc.
            </summary>
        </member>
        <member name="P:NationalInstruments.Restricted.Controls.Resources.LocalizedStrings.ResourceManager">
            <summary>
              Returns the cached ResourceManager instance used by this class.
            </summary>
        </member>
        <member name="P:NationalInstruments.Restricted.Controls.Resources.LocalizedStrings.Culture">
            <summary>
              Overrides the current thread's CurrentUICulture property for all
              resource lookups using this strongly typed resource class.
            </summary>
        </member>
        <member name="P:NationalInstruments.Restricted.Controls.Resources.LocalizedStrings.NationalInstruments_Controls_ArrowDirection_Down">
            <summary>
              Looks up a localized string similar to Down.
            </summary>
        </member>
        <member name="P:NationalInstruments.Restricted.Controls.Resources.LocalizedStrings.NationalInstruments_Controls_ArrowDirection_Left">
            <summary>
              Looks up a localized string similar to Left.
            </summary>
        </member>
        <member name="P:NationalInstruments.Restricted.Controls.Resources.LocalizedStrings.NationalInstruments_Controls_ArrowDirection_Right">
            <summary>
              Looks up a localized string similar to Right.
            </summary>
        </member>
        <member name="P:NationalInstruments.Restricted.Controls.Resources.LocalizedStrings.NationalInstruments_Controls_ArrowDirection_Up">
            <summary>
              Looks up a localized string similar to Up.
            </summary>
        </member>
    </members>
</doc>
